<Environment>
  <camtrans>-0.128898 2.983322 0.899461</camtrans>
  <camrotationaxis>0.000000 0.787037 -0.616906 178.936802</camrotationaxis>

  <Robot file="robots/puma.robot.xml">
    <Translation>0 0 -1</Translation>
  </Robot>
  <KinBody name="cylinder_green_1">
    <Translation>0.35 0.6 0.03</Translation>
    <RotationAxis>1 0 0 90.0</RotationAxis>
    <RotationAxis>0 1 0 0.0</RotationAxis>
    <RotationAxis>0 0 1 180.0</RotationAxis>
    <Body type="dynamic">
      <Geom type="cylinder">
        <radius>0.03</radius>
        <height>0.06</height>
        <DiffuseColor>1 0 0</DiffuseColor>
      </Geom>
    </Body>
  </KinBody>
  <KinBody name="cylinder_green_2">
    <Translation>0.36 0.59 0.09</Translation>
    <RotationAxis>1 0 0 90.0</RotationAxis>
    <RotationAxis>0 1 0 0.0</RotationAxis>
    <RotationAxis>0 0 1 180.0</RotationAxis>
    <Body type="dynamic">
      <Geom type="cylinder">
        <radius>0.03</radius>
        <height>0.06</height>
        <DiffuseColor>0 1 0</DiffuseColor>
      </Geom>
    </Body>
  </KinBody>
  <KinBody name="cylinder_green_3">
    <Translation>0.2 0.62 0.029</Translation>
    <RotationAxis>1 0 0 90.0</RotationAxis>
    <RotationAxis>0 1 0 0.0</RotationAxis>
    <RotationAxis>0 0 1 180.0</RotationAxis>
    <Body type="dynamic">
      <Geom type="cylinder">
        <radius>0.03</radius>
        <height>0.06</height>
        <DiffuseColor>0 0 1</DiffuseColor>
      </Geom>
    </Body>
  </KinBody>
  <KinBody name="table1">
    <Body type="static">
      <Geom type="box">
        <Extents>0.5 0.2 0.01</Extents>
        <Translation>0 0.7 -0.01</Translation>
        <DiffuseColor>0.5 0.5 0.5</DiffuseColor>
        <AmbientColor>0.5 0.5 0.5</AmbientColor>
      </Geom>
    </Body>
  </KinBody>
</Environment>
